{"pointer": [1.0, 0.961391900552065, 0.8591754216308336, 0.6771881730445177, 0.5544670925458685, 0.45151545817119443, 0.335869516077698, 0.23570524369784165, 0.16144131135728243, 0.10002117846642047], "click": [1.0, 0.918622151157655, 0.814305943972675, 0.71459638055407, 0.5949501914043374, 0.5178111164944577, 0.4294721388417093, 0.3361025516413557, 0.208011079004332, 0.054743065242615144], "right_click": [1.0, 0.949319767983897, 0.8654026987361068, 0.7031281368676306, 0.49968150315803295, 0.37754676364239925, 0.23444122271815915, 0.12025329737839378, 0.078026402918195, 0.03213301466034929]}